-- MySQL dump 10.13  Distrib 8.0.24, for Win64 (x86_64)
--
-- Host: localhost    Database: shopmedb
-- ------------------------------------------------------
-- Server version	8.0.24

/*!40101 SET @OLD_CHARACTER_SET_CLIENT=@@CHARACTER_SET_CLIENT */;
/*!40101 SET @OLD_CHARACTER_SET_RESULTS=@@CHARACTER_SET_RESULTS */;
/*!40101 SET @OLD_COLLATION_CONNECTION=@@COLLATION_CONNECTION */;
/*!50503 SET NAMES utf8 */;
/*!40103 SET @OLD_TIME_ZONE=@@TIME_ZONE */;
/*!40103 SET TIME_ZONE='+00:00' */;
/*!40014 SET @OLD_UNIQUE_CHECKS=@@UNIQUE_CHECKS, UNIQUE_CHECKS=0 */;
/*!40014 SET @OLD_FOREIGN_KEY_CHECKS=@@FOREIGN_KEY_CHECKS, FOREIGN_KEY_CHECKS=0 */;
/*!40101 SET @OLD_SQL_MODE=@@SQL_MODE, SQL_MODE='NO_AUTO_VALUE_ON_ZERO' */;
/*!40111 SET @OLD_SQL_NOTES=@@SQL_NOTES, SQL_NOTES=0 */;

--
-- Table structure for table `roles`
--

DROP TABLE IF EXISTS `roles`;
/*!40101 SET @saved_cs_client     = @@character_set_client */;
/*!50503 SET character_set_client = utf8mb4 */;
CREATE TABLE `roles` (
  `id` int NOT NULL AUTO_INCREMENT,
  `name` varchar(40) NOT NULL,
  `description` varchar(150) NOT NULL,
  PRIMARY KEY (`id`),
  UNIQUE KEY `UK_ofx66keruapi6vyqpv6f2or37` (`name`)
) ENGINE=InnoDB AUTO_INCREMENT=6 DEFAULT CHARSET=utf8mb4 COLLATE=utf8mb4_0900_ai_ci;
/*!40101 SET character_set_client = @saved_cs_client */;

--
-- Dumping data for table `roles`
--

LOCK TABLES `roles` WRITE;
/*!40000 ALTER TABLE `roles` DISABLE KEYS */;
INSERT INTO `roles` VALUES (1,'Admin','manage everything'),(2,'Salesperson','manage product price, customers, shipping, orders and sales report'),(3,'Editor','manage categories, brands, products, articles and menus'),(4,'Shipper','view products, view orders and update order status'),(5,'Assistant','manage questions and reviews');
/*!40000 ALTER TABLE `roles` ENABLE KEYS */;
UNLOCK TABLES;

--
-- Table structure for table `users`
--

DROP TABLE IF EXISTS `users`;
/*!40101 SET @saved_cs_client     = @@character_set_client */;
/*!50503 SET character_set_client = utf8mb4 */;
CREATE TABLE `users` (
  `id` int NOT NULL AUTO_INCREMENT,
  `email` varchar(128) NOT NULL,
  `enabled` bit(1) NOT NULL,
  `first_name` varchar(45) NOT NULL,
  `last_name` varchar(45) NOT NULL,
  `password` varchar(64) NOT NULL,
  `photos` varchar(64) DEFAULT NULL,
  PRIMARY KEY (`id`),
  UNIQUE KEY `UK_6dotkott2kjsp8vw4d0m25fb7` (`email`)
) ENGINE=InnoDB AUTO_INCREMENT=26 DEFAULT CHARSET=utf8mb4 COLLATE=utf8mb4_0900_ai_ci;
/*!40101 SET character_set_client = @saved_cs_client */;

--
-- Dumping data for table `users`
--

LOCK TABLES `users` WRITE;
/*!40000 ALTER TABLE `users` DISABLE KEYS */;
INSERT INTO `users` VALUES (1,'nam@codejava.net',_binary '','Nam','Ha Minh','$2a$10$bDqskP9Z/y6BIZnFLgJ8HuwMYaZXD9w2jVk2pYHXgn1k6N4nckleu','namhm.png'),(2,'kanna.allada@gmail.com',_binary '','Allada','Pavan','$2a$10$zRa/rmQ8JarpYG2bNKftyelKnsUhsHwGB.xmCKTWJClsB7O9wzTnG','Allada Pavan.png'),(3,'aecllc.bnk@gmail.com',_binary '\0','Bruce','Kitchell','$2a$10$GINThwCjVZAbGnmOe9BIeuDuvDlyfuwZrg/Rsmrjs1Lsq2pnXtO/S','Bruce Kitchell.png'),(4,'muhammad.evran13@gmail.com',_binary '','Muhammad','Evran','$2a$10$UcHWHC72azPVZJb5Ky.Yy.X695WGf1ZkkGMS3WL3B9WqWf2dQD04G','Muhammad Evran.png'),(5,'kent.hervey8@gmail.com',_binary '','Kent','Hervey','$2a$10$YHXRsZ07/Btv.qCgGht.7u2PW.GLWzpVB7eabfgH1mhTVVXffDT6K','KentHervey.png'),(6,'alfredephraim26@gmail.com',_binary '\0','Alfred','Ephraim','$2a$10$1jl3q3r/Fh9ZBv6ziM4XhuxCi2GMFWcfHUrxsesXAEwnsiV/NJKbq','Alfred.png'),(7,'nathihsa@gmail.com',_binary '','Nathi','Sangweni','$2a$10$WyHmQiXCSYuHcGeg8eFWvOScqzSgg88MmqpajPdzSkLsvZjT3tKC.','Nathi_Sangweni.png'),(8,'ammanollashirisha2020@gmail.com',_binary '','Ammanolla','Shirisha','$2a$10$N1eE87eXFB2XQ5nmWKaTXOofnrPn8koeNvZhEpleJzO49i55e/Vk.','Ammanolla.png'),(9,'bfeeny238@hotmail.com',_binary '','Bill','Feeny','$2a$10$3sH0v..zpjwA8ux5/q.OAeu0HgmSdMj8VzMWzhwwBDkE8wOISsUyi','Bill Feeny.png'),(10,'redsantosph@gmail.com',_binary '','Frederick','delos Santos','$2a$10$KXHmKpE6YB/0sjiy3fkMv.muKyxqvOXE6jVeaPu8KEaExx62ZmmNe','Frederick Santos.png'),(11,'ro_anamaria@mail.ru',_binary '','Ana','Maria','$2a$10$sz0CHOHAY1Xjt2ajIZgnG.L2KBQ4SsQkOGsPYue.C5gr6j.KMDdqS','Anna Maria.jpg'),(12,'maytassatya@hotmail.com',_binary '\0','Satya','Narayana','$2a$10$R7EJcaYijjJo/IVk6c1CieBML2uP3RAKMVlCxylPAePlCfJsX7OOy','Satya Narayana.png'),(13,'matthewefoli@gmail.com',_binary '','Matthew','Efoli','$2a$10$ECNnxXSVArnwS9KCet3yguQ1qHKyBIhh2G8c4F9CYgvp/Hadl8OS6','Matthew.png'),(14,'davekumara2@gmail.com',_binary '','Dave','Kumar','$2a$10$5ebeZu18V5RheieYqpl/LORCN41E3H7yvxKqEwtq5Zq2JVw.E9dva','Dave Kumar.png'),(15,'jackkbruce@yahoo.com',_binary '','Jack','Bruce','$2a$10$a6iyIHRj8DNpu15obVHTSOGcLe4IfpBcD4iEEJesWaFpBQvRoF2da','Jack Bruce.png'),(16,'zirri.mohamed@gmail.com',_binary '','Mohamed','Zirri','$2a$10$TmvyH1AoyDqRmQ4uC8NAZOOV29CPEDGuxVsHLP1cJoHQGr78L4kjW','Mohamed Zirri.jpg'),(17,'mk.majumdar009@hotmail.com',_binary '\0','Mithun','Kumar Majumdar','$2a$10$Y6SEy2INN0Rk/vhLHHJUYO6IMqNW3Ar.jVe9o0W1lpBRX8xr2Itui','Mithun Kumar Majumdar.png'),(18,'aliraza.arain.28@gmail.com',_binary '','Ali','Raza','$2a$10$PISZ2KitSbhE4/Z3dtIGk.WUi2ILiDl4PzRUDEQSp5BJIxcdcPq4G','Ali Raza.png'),(19,'isaachenry2877@gmail.com',_binary '','Isaac','Henry','$2a$10$CtmhrOz/AhDoCpKbeYl8O.0ngCFMukcznNZq7.YcHrkRyKpBG8Zca','Isaac Henry.jpg'),(20,'s.stasovska82@hotmail.com',_binary '','Svetlana','Stasovska','$2a$10$fcN2cNa7vB.78QnmzfNZEeUBkrwUaM.bVK3iDB.KFQlR15DwL7QZy','Svetlana Stasovska.png'),(21,'mikegates2012@gmail.com',_binary '','Mike','Gates','$2a$10$zIO1tygsw6cB2ymiR.WX0ulr9NKdTlZHqu7w/W/LLwk8HhK7nVnH.','Mike Gates.png'),(22,'pedroquintero67@gmail.com',_binary '\0','Pedro','Quintero','$2a$10$UPX5EwZw0MyBvbe.7mxg2u8GOl/4KgaUU40iSjr1PLFYvhu35fMmu','Pedro Quintero.png'),(23,'amina.elshal2@yahoo.com',_binary '','Amina','Elshal','$2a$10$J1yoyqG5vWNe5N663PkgY.h53gfJtTR7Bb8E8u3sXdNbOZxhXgHu.','Amina Elshal.png'),(24,'liupeiran9324@outlook.com',_binary '','Peiran','sdfwe234dd','$2a$10$E6ettz04LZ2eL8awG7zPqekXJMfsGAB08oMjoqsnO5stNRP1PWI1C','2FA784C4-644A-4435-A945-262F4E503B2F.jpeg'),(25,'542417349@qq.com',_binary '','test small guy','test small guy','$2a$10$frf7bC5t92f7FJIsbga6ku1y1ljuyYrUy7KiZGitOkSy8dy6ZxBoq','账号密码.PNG');
/*!40000 ALTER TABLE `users` ENABLE KEYS */;
UNLOCK TABLES;

--
-- Table structure for table `users_roles`
--

DROP TABLE IF EXISTS `users_roles`;
/*!40101 SET @saved_cs_client     = @@character_set_client */;
/*!50503 SET character_set_client = utf8mb4 */;
CREATE TABLE `users_roles` (
  `user_id` int NOT NULL,
  `role_id` int NOT NULL,
  PRIMARY KEY (`user_id`,`role_id`),
  KEY `FKj6m8fwv7oqv74fcehir1a9ffy` (`role_id`),
  CONSTRAINT `FK2o0jvgh89lemvvo17cbqvdxaa` FOREIGN KEY (`user_id`) REFERENCES `users` (`id`),
  CONSTRAINT `FKj6m8fwv7oqv74fcehir1a9ffy` FOREIGN KEY (`role_id`) REFERENCES `roles` (`id`)
) ENGINE=InnoDB DEFAULT CHARSET=utf8mb4 COLLATE=utf8mb4_0900_ai_ci;
/*!40101 SET character_set_client = @saved_cs_client */;

--
-- Dumping data for table `users_roles`
--

LOCK TABLES `users_roles` WRITE;
/*!40000 ALTER TABLE `users_roles` DISABLE KEYS */;
INSERT INTO `users_roles` VALUES (1,1),(2,1),(24,1),(3,2),(9,2),(10,2),(11,2),(12,2),(13,2),(19,2),(20,2),(21,2),(24,2),(4,3),(5,3),(6,3),(7,3),(8,3),(11,3),(15,3),(18,3),(20,3),(24,3),(25,3),(14,4),(15,4),(16,4),(17,4),(18,4),(24,4),(25,4),(5,5),(14,5),(19,5),(20,5),(21,5),(22,5),(23,5),(25,5);
/*!40000 ALTER TABLE `users_roles` ENABLE KEYS */;
UNLOCK TABLES;
/*!40103 SET TIME_ZONE=@OLD_TIME_ZONE */;

/*!40101 SET SQL_MODE=@OLD_SQL_MODE */;
/*!40014 SET FOREIGN_KEY_CHECKS=@OLD_FOREIGN_KEY_CHECKS */;
/*!40014 SET UNIQUE_CHECKS=@OLD_UNIQUE_CHECKS */;
/*!40101 SET CHARACTER_SET_CLIENT=@OLD_CHARACTER_SET_CLIENT */;
/*!40101 SET CHARACTER_SET_RESULTS=@OLD_CHARACTER_SET_RESULTS */;
/*!40101 SET COLLATION_CONNECTION=@OLD_COLLATION_CONNECTION */;
/*!40111 SET SQL_NOTES=@OLD_SQL_NOTES */;

-- Dump completed on 2021-06-09 15:22:13
